Date;Station;X;Y;Z
2022-01-02;NSK1;436463.0001971588;3547037.8835019325;5265322.605085494
2022-01-02;FBFY;462267.22448850225;3541886.2902967054;5266565.629517443
2022-01-02;QEZC;441890.30251100165;3527696.7933355756;5277741.821815158
2022-01-02;CJDN;450387.2642869553;3564019.867152845;5252734.580592438
2022-01-02;EVJO;431273.36801028403;3570756.3175806724;5249805.9879010115
2022-01-02;YTGI;444677.73852800747;3587690.0704872366;5237178.031376061
2022-01-02;BIQO;416014.0837013987;3549999.139552514;5264977.197545139
2022-01-02;UWMD;422325.779197543;3585968.8394897766;5240191.439990665
2022-01-02;UFYR;470416.4662266764;3578380.2756688194;5241327.395291373
2022-01-02;ZEML;415837.28372062085;3531958.929445459;5277060.457486257
2022-01-02;NJYC;463026.7181782514;3525219.0741851595;5277626.701070666
2022-01-02;RHLG;423820.67175356345;3515300.628558984;5287465.742318122
2022-01-02;JKTO;449842.99864812114;3505586.674625376;5291722.085179493
2022-01-02;BHOI;404028.96151710185;3518772.600098151;5286714.761345791
2022-01-02;JCGV;410275.0340203326;3571766.824023612;5250783.344303695
2022-01-09;NSK1;436462.99617554963;3547037.8803606;5265322.601468347
2022-01-09;FBFY;462267.2221184051;3541886.288806885;5266565.627551807
2022-01-09;QEZC;441890.3006099316;3527696.7923147823;5277741.82031855
2022-01-09;CJDN;450387.2694197898;3564019.873165956;5252734.586129733
2022-01-09;EVJO;431273.3722057967;3570756.322656462;5249805.992500986
2022-01-09;YTGI;444677.74225167924;3587690.075091185;5237178.035504195
2022-01-09;BIQO;416014.083112302;3549999.139843694;5264977.197360504
2022-01-09;UWMD;422325.78091301;3585968.8420855203;5240191.442110593
2022-01-09;UFYR;470416.4645498521;3578380.274872272;5241327.3940190105
2022-01-09;ZEML;415837.2856327772;3531958.932237892;5277060.459802875
2022-01-09;NJYC;463026.72155325685;3525219.0784404417;5277626.7048501335
2022-01-09;RHLG;423820.67451554287;3515300.63220124;5287465.745484563
2022-01-09;JKTO;449842.99669240334;3505586.6735499348;5291722.083628236
2022-01-09;BHOI;404028.9573363992;3518772.5967977247;5286714.75756955
2022-01-09;JCGV;410275.0330943504;3571766.8239779063;5250783.343782174
2022-01-16;NSK1;436462.9984947342;3547037.88354326;5265322.604285873
2022-01-16;FBFY;462267.22035657207;3541886.287908527;5266565.626288316
2022-01-16;QEZC;441890.29871732433;3527696.7912856503;5277741.818924284
2022-01-16;CJDN;450387.26635445916;3564019.870964101;5252734.583562744
2022-01-16;EVJO;431273.371442216;3570756.3227563566;5249805.992235746
2022-01-16;YTGI;444677.7406880301;3587690.0743910116;5237178.034438887
2022-01-16;BIQO;416014.082280531;3549999.139875398;5264977.197027075
2022-01-16;UWMD;422325.7826818506;3585968.8447178365;5240191.444377775
2022-01-16;UFYR;470416.46429912903;3578380.275485024;5241327.394266629
2022-01-16;ZEML;415837.28457645996;3531958.93204505;5277060.459244899
2022-01-16;NJYC;463026.72036485845;3525219.0781155187;5277626.704160077
2022-01-16;RHLG;423820.67457421153;3515300.633123384;5287465.746041573
2022-01-16;JKTO;449842.9948586955;3505586.6725797025;5291722.08229287
2022-01-16;BHOI;404028.9590540684;3518772.599378869;5286714.75978556
2022-01-16;JCGV;410275.02832334157;3571766.820070373;5250783.339509507
2022-01-23;NSK1;436462.9916526122;3547037.8775353264;5265322.598030064
2022-01-23;FBFY;462267.2209720638;3541886.2893582075;5266565.627490121
2022-01-23;QEZC;441890.30161424336;3527696.7950167577;5277741.822407517
2022-01-23;CJDN;450387.2647170062;3564019.8701608363;5252734.582511605
2022-01-23;EVJO;431273.3707434303;3570756.3228917597;5249805.992123274
2022-01-23;YTGI;444677.7368016526;3587690.0713388226;5237178.031138822
2022-01-23;BIQO;416014.07927323075;3549999.1377022862;5264977.194606088
2022-01-23;UWMD;422325.7791777246;3585968.842047899;5240191.441459962
2022-01-23;UFYR;470416.4615302808;3578380.273550364;5241327.392084094
2022-01-23;ZEML;415837.28521925106;3531958.93352203;5277060.460474004
2022-01-23;NJYC;463026.71841543465;3525219.077000283;5277626.702796967
2022-01-23;RHLG;423820.67363027204;3515300.633013633;5287465.745683947
2022-01-23;JKTO;449842.9944358846;3505586.67299108;5291722.082456373
2022-01-23;BHOI;404028.9542094388;3518772.595368428;5286714.755527244
2022-01-23;JCGV;410275.02568189014;3571766.81826311;5250783.337454368
2022-01-30;NSK1;436462.99467663356;3547037.881355322;5265322.601722517
2022-01-30;FBFY;462267.21633401787;3541886.285516136;5266565.623520506
2022-01-30;QEZC;441890.2979126824;3527696.7921111714;5277741.819374386
2022-01-30;CJDN;450387.2647192887;3564019.8709590933;5252734.583182318
2022-01-30;EVJO;431273.36592340627;3570756.31886771;5249805.987971681
2022-01-30;YTGI;444677.73186980723;3587690.0672029513;5237178.026875408
2022-01-30;BIQO;416014.077771406;3549999.136996436;5264977.193772694
2022-01-30;UWMD;422325.7762455916;3585968.8399117403;5240191.439196261
2022-01-30;UFYR;470416.46430384;3578380.277119898;5241327.395526084
2022-01-30;ZEML;415837.284680087;3531958.93377884;5277060.460603271
2022-01-30;NJYC;463026.71453809284;3525219.073918916;5277626.699588056
2022-01-30;RHLG;423820.6708416321;3515300.6310209674;5287465.743563738
2022-01-30;JKTO;449842.99887497665;3505586.6782261464;5291722.087563896
2022-01-30;BHOI;404028.96340016933;3518772.605355133;5286714.765386405
2022-01-30;JCGV;410275.0283865121;3571766.8217637064;5250783.340827421
2022-02-06;NSK1;436462.9940921347;3547037.881523697;5265322.601883192
2022-02-06;FBFY;462267.2176409574;3541886.2875759494;5266565.625572619
2022-02-06;QEZC;441890.29045803193;3527696.7854093947;5277741.81266491
2022-02-06;CJDN;450387.2560850573;3564019.863077736;5252734.575293261
2022-02-06;EVJO;431273.36551364936;3570756.319210827;5249805.988307098
2022-02-06;YTGI;444677.7369232946;3587690.0730093126;5237178.0326740695
2022-02-06;BIQO;416014.0780407605;3549999.1380186644;5264977.194787223
2022-02-06;UWMD;422325.7750598774;3585968.8394789;5240191.43875572
2022-02-06;UFYR;470416.46104867663;3578380.274617608;5241327.393016094
2022-02-06;ZEML;415837.28428186337;3531958.9341334905;5277060.460950221
2022-02-06;NJYC;463026.7150739919;3525219.075207689;5277626.700869128
2022-02-06;RHLG;423820.66837191686;3515300.6293041264;5287465.7418391965
2022-02-06;JKTO;449842.99631028617;3505586.67641433;5291722.085744379
2022-02-06;BHOI;404028.96090326237;3518772.6036111;5286714.763634672
2022-02-06;JCGV;410275.0312434041;3571766.825373472;5250783.344429487
2022-02-13;NSK1;436462.99440073007;3547037.8825414353;5265322.603009138
2022-02-13;FBFY;462267.2170507915;3541886.2876949264;5266565.625799804
2022-02-13;QEZC;441890.2952172393;3527696.790877745;5277741.818241469
2022-02-13;CJDN;450387.262646119;3564019.8703479404;5252734.582671673
2022-02-13;EVJO;431273.3648134763;3570756.319219797;5249805.988424276
2022-02-13;YTGI;444677.7332043362;3587690.0699994974;5237178.029772462
2022-02-13;BIQO;416014.07685653155;3549999.1375435786;5264977.194420344
2022-02-13;UWMD;422325.77224911295;3585968.8373772786;5240191.436762307
2022-02-13;UFYR;470416.45602630323;3578380.2703043777;5241327.388811072
2022-02-13;ZEML;415837.27686684596;3531958.927427616;5277060.454352555
2022-02-13;NJYC;463026.71342550474;3525219.0742683443;5277626.700037993
2022-02-13;RHLG;423820.6671423658;3515300.6287837178;5287465.741426996
2022-02-13;JKTO;449843.0217466234;3505586.7025598097;5291722.111998067
2022-02-13;BHOI;404028.95642722625;3518772.5998442066;5286714.7599759875
2022-02-13;JCGV;410275.0237086537;3571766.8185478644;5250783.337712088
2022-02-20;NSK1;436462.9888654923;3547037.8776751836;5265322.598359862
2022-02-20;FBFY;462267.21244694776;3541886.2837600685;5266565.622081923
2022-02-20;QEZC;441890.2944066315;3527696.790736123;5277741.818316823
2022-02-20;CJDN;450387.2599820251;3564019.8683528323;5252734.580893542
2022-02-20;EVJO;431273.35889455216;3570756.3139698585;5249805.983391314
2022-02-20;YTGI;444677.72991524555;3587690.067379392;5237178.027369334
2022-02-20;BIQO;416014.0737564151;3549999.1351124477;5264977.192206191
2022-02-20;UWMD;422325.7705237433;3585968.8363208943;5240191.435922899
2022-02-20;UFYR;470416.4579717121;3578380.2729187724;5241327.391642444
2022-02-20;ZEML;415837.27909493964;3531958.930324695;5277060.457466611
2022-02-20;NJYC;463026.7130182369;3525219.0745300627;5277626.700516687
2022-02-20;RHLG;423820.6674773553;3515300.6297876933;5287465.742647948
2022-02-20;JKTO;449842.9930983514;3505586.6745805237;5291722.084235758
2022-02-20;BHOI;404028.95447175344;3518772.5985577195;5286714.758906477
2022-02-20;JCGV;410275.0246224096;3571766.820130606;5250783.339511806
2022-02-27;NSK1;436462.9924422014;3547037.8818881745;5265322.602888649
2022-02-27;FBFY;462267.2170846104;3541886.2890340127;5266565.627671663
2022-02-27;QEZC;441890.29167936294;3527696.788645136;5277741.816541632
2022-02-27;CJDN;450387.258530988;3564019.8675380773;5252734.580394582
2022-02-27;EVJO;431273.35863208846;3570756.3143436764;5249805.984080927
2022-02-27;YTGI;444677.72775212047;3587690.0658525494;5237178.026158286
2022-02-27;BIQO;416014.07625407074;3549999.1382463854;5264977.195655923
2022-02-27;UWMD;422325.7719672346;3585968.8384006675;5240191.438318468
2022-02-27;UFYR;470416.4558786326;3578380.271461975;5241327.3905014405
2022-02-27;ZEML;415837.2774986518;3531958.929364689;5277060.4568224
2022-02-27;NJYC;463026.71094219026;3525219.0730902976;5277626.699392717
2022-02-27;RHLG;423820.67126451706;3515300.634211137;5287465.747387187
2022-02-27;JKTO;449842.99289026327;3505586.6750087175;5291722.0849797465
2022-02-27;BHOI;404028.9574991431;3518772.602221391;5286714.762885944
2022-02-27;JCGV;410275.02404880355;3571766.8201932823;5250783.339890277
2022-03-06;NSK1;436462.9920033608;3547037.8820636766;5265322.603466504
2022-03-06;FBFY;462267.2141469408;3541886.286710686;5266565.625750689
2022-03-06;QEZC;441890.2924791831;3527696.790059299;5277741.8183581475
2022-03-06;CJDN;450387.2578036117;3564019.8674250436;5252734.580683901
2022-03-06;EVJO;431273.3608025075;3570756.317128438;5249805.987268043
2022-03-06;YTGI;444677.72742184566;3587690.066136617;5237178.026844707
2022-03-06;BIQO;416014.0718728466;3549999.1344795036;5264977.192291395
2022-03-06;UWMD;422325.7729607538;3585968.8400085294;5240191.440328683
2022-03-06;UFYR;470416.457063969;3578380.2732616537;5241327.392703474
2022-03-06;ZEML;415837.27504419995;3531958.92752458;5277060.455384644
2022-03-06;NJYC;463026.70981071354;3525219.0725731635;5277626.6992779365
2022-03-06;RHLG;423820.6652932586;3515300.628854221;5287465.742432624
2022-03-06;JKTO;449842.99340284243;3505586.676135639;5291722.086509022
2022-03-06;BHOI;404028.9556891305;3518772.6010257215;5286714.762092627
2022-03-06;JCGV;410275.0234425774;3571766.820201399;5250783.340300747
2022-03-13;NSK1;436462.9888196542;3547037.8794856598;5265322.601363414
2022-03-13;FBFY;462267.2146183425;3541886.2877877774;5266565.627302707
2022-03-13;QEZC;441890.2892079344;3527696.7873937404;5277741.816167515
2022-03-13;CJDN;450387.256143294;3564019.866370416;5252734.5801042
2022-03-13;EVJO;431273.36146372184;3570756.3183953427;5249805.989009873
2022-03-13;YTGI;444677.73075894214;3587690.0700794035;5237178.03126242
2022-03-13;BIQO;416014.07114325766;3549999.1343556046;5264977.192642422
2022-03-13;UWMD;422325.77070871403;3585968.8383621797;5240191.43915726
2022-03-13;UFYR;470416.4618293178;3578380.2786326925;5241327.398549438
2022-03-13;ZEML;415837.27888232947;3531958.9319684;5277060.4603033895
2022-03-13;NJYC;463026.71245999576;3525219.075828136;5277626.703007835
2022-03-13;RHLG;423820.66385485145;3515300.628021504;5287465.742074833
2022-03-13;JKTO;449842.9905157798;3505586.6738542668;5291722.084702575
2022-03-13;BHOI;404028.9533035545;3518772.599245835;5286714.760787667
2022-03-13;JCGV;410275.02408751514;3571766.8214520263;5250783.342026301
2022-03-20;NSK1;436462.98767300346;3547037.878950913;5265322.601361089
2022-03-20;FBFY;462267.2145313201;3541886.288312659;5266565.628360011
2022-03-20;QEZC;441890.290060005;3527696.7888577147;5277741.818163912
2022-03-20;CJDN;450387.25534169073;3564019.8661807165;5252734.580446922
2022-03-20;EVJO;431273.3573095631;3570756.3148530875;5249805.986000041
2022-03-20;YTGI;444677.72562947194;3587690.0655618375;5237178.027277276
2022-03-20;BIQO;416014.0702930037;3549999.134117255;5264977.192936494
2022-03-20;UWMD;422325.7706312039;3585968.8388965735;5240191.440224076
2022-03-20;UFYR;470416.45591649367;3578380.2733317725;5241327.39378094
2022-03-20;ZEML;415837.2764093224;3531958.9301072964;5277060.458974709
2022-03-20;NJYC;463026.71047119406;3525219.074451238;5277626.702163359
2022-03-20;RHLG;423820.6634950456;3515300.628273602;5287465.742859353
2022-03-20;JKTO;449842.9863444508;3505586.6702948418;5291722.081675572
2022-03-20;BHOI;404028.9483586723;3518772.5949128573;5286714.756987111
2022-03-20;JCGV;410275.0217082602;3571766.8196846754;5250783.340791372
2022-03-27;NSK1;436462.9887098551;3547037.880621268;5265322.603605849
2022-03-27;FBFY;462267.2132004088;3541886.287615251;5266565.628237007
2022-03-27;QEZC;441890.2888055974;3527696.7882368104;5277741.818117412
2022-03-27;CJDN;450387.25671522104;3564019.8681877498;5252734.58302836
2022-03-27;EVJO;431273.3586797101;3570756.3168567377;5249805.988578095
2022-03-27;YTGI;444677.7289583057;3587690.069524174;5237178.031814017
2022-03-27;BIQO;416014.0693800516;3549999.133837806;5264977.193231449
2022-03-27;UWMD;422325.76895823824;3585968.8378571114;5240191.439759017
2022-03-27;UFYR;470416.45350746537;3578380.2715562475;5241327.392579819
2022-03-27;ZEML;415837.27201485727;3531958.9263463346;5277060.455788151
2022-03-27;NJYC;463026.70890452224;3525219.0735180695;5277626.701804595
2022-03-27;RHLG;423820.66443495743;3515300.629847017;5287465.745007173
2022-03-27;JKTO;449842.98969564354;3505586.6742795375;5291722.086234673
2022-03-27;BHOI;404028.9523728914;3518772.5995605793;5286714.762209238
2022-03-27;JCGV;410275.0214316545;3571766.820041573;5250783.341722674
2022-04-03;NSK1;436462.98997190024;3547037.882553222;5265322.60613888
2022-04-03;FBFY;462267.2130665364;3541886.288151288;5266565.629374121
2022-04-03;QEZC;441890.29296490713;3527696.7930660294;5277741.823547708
2022-04-03;CJDN;450387.2599774812;3564019.8721199194;5252734.587561607
2022-04-03;EVJO;431273.35960801836;3570756.3184549552;5249805.99077739
2022-04-03;YTGI;444677.7266991817;3587690.067934959;5237178.03082588
2022-04-03;BIQO;416014.0716789;3549999.1368065635;5264977.196801285
2022-04-03;UWMD;422325.7695177315;3585968.8390865135;5240191.441589497
2022-04-03;UFYR;470416.45618618414;3578380.274904875;5241327.3965295255
2022-04-03;ZEML;415837.2766666221;3531958.9316680087;5277060.461710903
2022-04-03;NJYC;463026.7090857232;3525219.0743691796;5277626.703256783
2022-04-03;RHLG;423820.66512902797;3515300.631210997;5287465.74697223
2022-04-03;JKTO;449842.9889525977;3505586.6742064008;5291722.086762614
2022-04-03;BHOI;404028.94910233136;3518772.5969599285;5286714.760209665
2022-04-03;JCGV;410275.0247754424;3571766.82405527;5250783.346337449
2022-04-10;NSK1;436462.9947004538;3547037.8880012427;5265322.612200133
2022-04-10;FBFY;462267.2202169041;3541886.296021122;5266565.6378571885
2022-04-10;QEZC;441890.2965438094;3527696.7973643984;5277741.828459309
2022-04-10;CJDN;450387.26278883143;3564019.875650736;5252734.591705657
2022-04-10;EVJO;431273.36415110074;3570756.3237175043;5249805.996653171
2022-04-10;YTGI;444677.73347650975;3587690.0754317543;5237178.038935907
2022-04-10;BIQO;416014.0729234293;3549999.1387705593;5264977.199378514
2022-04-10;UWMD;422325.76991591556;3585968.8402041644;5240191.4433203805
2022-04-10;UFYR;470416.45641723636;3578380.275855394;5241327.398093277
2022-04-10;ZEML;415837.27734825446;3531958.9330691076;5277060.463725234
2022-04-10;NJYC;463026.7093469482;3525219.075349871;5277626.704850707
2022-04-10;RHLG;423820.6665831004;3515300.633384536;5287465.749759002
2022-04-10;JKTO;449842.9910143495;3505586.676987619;5291722.090157065
2022-04-10;BHOI;404028.9518191642;3518772.600396228;5286714.764259196
2022-04-10;JCGV;410275.0245980409;3571766.824597335;5250783.347492746
2022-04-17;NSK1;436462.9899334316;3547037.8840137566;5265322.608824808
2022-04-17;FBFY;462267.2162026332;3541886.2927863877;5266565.635234615
2022-04-17;QEZC;441890.2939064444;3527696.79550657;5277741.827213642
2022-04-17;CJDN;450387.25788142346;3564019.871522865;5252734.5881899465
2022-04-17;EVJO;431273.3639974875;3570756.3243434276;5249805.997891256
2022-04-17;YTGI;444677.73557775747;3587690.078312538;5237178.042428852
2022-04-17;BIQO;416014.0738338565;3549999.140460523;5264977.201680638
2022-04-17;UWMD;422325.767443239;3585968.838511024;5240191.442239402
2022-04-17;UFYR;470416.4493415342;3578380.2695592283;5241327.392409272
2022-04-17;ZEML;415837.2754865241;3531958.9319869136;5277060.4632552015
2022-04-17;NJYC;463026.70739277534;3525219.074175235;5277626.704288231
2022-04-17;RHLG;423820.6620568109;3515300.629637783;5287465.74662441
2022-04-17;JKTO;449842.9897739853;3505586.6765267914;5291722.090308398
2022-04-17;BHOI;404028.9538517851;3518772.6032083854;5286714.767683514
2022-04-17;JCGV;410275.02273943357;3571766.823518264;5250783.347025837
2022-04-24;NSK1;436462.99169911514;3547037.886626082;5265322.6120366985
2022-04-24;FBFY;462267.2153327695;3541886.292763166;5266565.635810957
2022-04-24;QEZC;441890.2943769883;3527696.796823756;5277741.8291303925
2022-04-24;CJDN;450387.2563617596;3564019.8708498427;5252734.588116489
2022-04-24;EVJO;431273.35937365645;3570756.3205662384;5249805.994713631
2022-04-24;YTGI;444677.72978406097;3587690.073365484;5237178.038081362
2022-04-24;BIQO;416014.0745685151;3549999.142041824;5264977.203861503
2022-04-24;UWMD;422325.7703385235;3585968.8422529506;5240191.446580892
2022-04-24;UFYR;470416.45637191855;3578380.277436255;5241327.400885862
2022-04-24;ZEML;415837.27992237627;3531958.937269408;5277060.46913726
2022-04-24;NJYC;463026.7138220515;3525219.081451153;5277626.712163714
2022-04-24;RHLG;423820.6673669045;3515300.635794518;5287465.75338071
2022-04-24;JKTO;449842.9921506305;3505586.679750079;5291722.094131249
2022-04-24;BHOI;404028.9539732523;3518772.6041764943;5286714.769251188
2022-04-24;JCGV;410275.01973140996;3571766.8213568823;5250783.345464019
2022-05-01;NSK1;436462.98869784304;3547037.884541482;5265322.610529521
2022-05-01;FBFY;462267.2142047224;3541886.292551791;5266565.636177005
2022-05-01;QEZC;441890.2938785965;3527696.797242036;5277741.830126095
2022-05-01;CJDN;450387.2592981959;3564019.874702951;5252734.59254702
2022-05-01;EVJO;431273.3622387711;3570756.324348025;5249805.99907284
2022-05-01;YTGI;444677.72746500844;3587690.071963103;5237178.037256404
2022-05-01;BIQO;416014.0667650401;3549999.1351550207;5264977.197552122
2022-05-01;UWMD;422325.7671778963;3585968.8400089955;5240191.44491436
2022-05-01;UFYR;470416.4553509616;3578380.2773319697;5241327.401359
2022-05-01;ZEML;415837.2773810192;3531958.9356447225;5277060.468089998
2022-05-01;NJYC;463026.7090736317;3525219.077619405;5277626.708909389
2022-05-01;RHLG;423820.66499144275;3515300.634335729;5287465.752499343
2022-05-01;JKTO;449842.9901712084;3505586.678687329;5291722.093645922
2022-05-01;BHOI;404028.9491896127;3518772.600309527;5286714.765961643
2022-05-01;JCGV;410275.02294506185;3571766.8254872067;5250783.350171765
2022-05-08;NSK1;436462.990484938;3547037.8873137003;5265322.613849597
2022-05-08;FBFY;462267.2119420463;3541886.2912742384;5266565.63544731
2022-05-08;QEZC;441890.2935483576;3527696.7978969202;5277741.831328837
2022-05-08;CJDN;450387.25873441726;3564019.8751242957;5252734.593516222
2022-05-08;EVJO;431273.35956679273;3570756.3226611703;5249805.997933843
2022-05-08;YTGI;444677.7280652793;3587690.0735484976;5237178.039389656
2022-05-08;BIQO;416014.07316761476;3549999.1425427184;5264977.205487679
2022-05-08;UWMD;422325.77132264094;3585968.8451388637;5240191.450592086
2022-05-08;UFYR;470416.4575567571;3578380.2805228885;5241327.405097777
2022-05-08;ZEML;415837.2804978569;3531958.939746684;5277060.472739817
2022-05-08;NJYC;463026.7108737627;3525219.0804046597;5277626.712242501
2022-05-08;RHLG;423820.66735216946;3515300.6376815788;5287465.756393051
2022-05-08;JKTO;449842.9928826702;3505586.682383914;5291722.097890365
2022-05-08;BHOI;404028.9510959291;3518772.6032009665;5286714.769400941
2022-05-08;JCGV;410275.02399651235;3571766.8275237805;5250783.352756198
2022-05-15;NSK1;436462.9924300447;3547037.890306175;5265322.617355083
2022-05-15;FBFY;462267.21654383454;3541886.2969233943;5266565.641609478
2022-05-15;QEZC;441890.2952543243;3527696.8006502553;5277741.834595184
2022-05-15;CJDN;450387.2580020031;3564019.87543925;5252734.5943441875
2022-05-15;EVJO;431273.36636724236;3570756.330508988;5249806.006294672
2022-05-15;YTGI;444677.7304299098;3587690.076960496;5237178.0433146665
2022-05-15;BIQO;416014.07472347806;3549999.14514595;5264977.208603921
2022-05-15;UWMD;422325.7704649717;3585968.8453285624;5240191.451294796
2022-05-15;UFYR;470416.4540991409;3578380.2781126406;5241327.40320054
2022-05-15;ZEML;415837.2757091878;3531958.936005383;5277060.469511527
2022-05-15;NJYC;463026.70530363655;3525219.0758819017;5277626.708232755
2022-05-15;RHLG;423820.66101786366;3515300.6323946407;5287465.751619125
2022-05-15;JKTO;449842.98728807335;3505586.677836685;5291722.0938561475
2022-05-15;BHOI;404028.9529667558;3518772.6061191615;5286714.772832147
2022-05-15;JCGV;410275.01754438895;3571766.822119025;5250783.347864454
2022-05-22;NSK1;436462.9838123856;3547037.8827874507;5265322.610311256
2022-05-22;FBFY;462267.2115018125;3541886.2929803072;5266565.6381412875
2022-05-22;QEZC;441890.2900914644;3527696.79658633;5277741.831006155
2022-05-22;CJDN;450387.2551893276;3564019.873725509;5252734.593105344
2022-05-22;EVJO;431273.3629903533;3570756.3282310334;5249806.004491615
2022-05-22;YTGI;444677.7314148224;3587690.0790443434;5237178.04587341
2022-05-22;BIQO;416014.07369896886;3549999.1452203756;5264977.209153243
2022-05-22;UWMD;422325.7683103676;3585968.844272893;5240191.450714023
2022-05-22;UFYR;470416.4540862092;3578380.2791986438;5241327.40476144
2022-05-22;ZEML;415837.27787247265;3531958.9392676023;5277060.473248644
2022-05-22;NJYC;463026.7056003693;3525219.077277569;5277626.710103319
2022-05-22;RHLG;423820.66481813404;3515300.637293846;5287465.756993227
2022-05-22;JKTO;449842.986784242;3505586.6784317885;5291722.094926148
2022-05-22;BHOI;404028.9524248108;3518772.606676151;5286714.773864034
2022-05-22;JCGV;410275.021234827;3571766.826908398;5250783.353128723
2022-05-29;NSK1;436462.98920933844;3547037.889320179;5265322.61727928
2022-05-29;FBFY;462267.2108584876;3541886.2934727576;5266565.639069034
2022-05-29;QEZC;441890.2873645849;3527696.7949952255;5277741.829850347
2022-05-29;CJDN;450387.2533014966;3564019.8729734533;5252734.592788584
2022-05-29;EVJO;431273.35524790606;3570756.3216243614;5249805.998320239
2022-05-29;YTGI;444677.72325466346;3587690.0720199593;5237178.039284322
2022-05-29;BIQO;416014.0651109234;3549999.137768105;5264977.20213627
2022-05-29;UWMD;422325.76315786684;3585968.840256167;5240191.447132594
2022-05-29;UFYR;470416.45174150134;3578380.277989711;5241327.4039878035
2022-05-29;ZEML;415837.26927174925;3531958.931802654;5277060.466218991
2022-05-29;NJYC;463026.70291431877;3525219.0757272937;5277626.70898834
2022-05-29;RHLG;423820.659987293;3515300.6335987803;5287465.753733456
2022-05-29;JKTO;449842.9871143579;3505586.6798976795;5291722.096827335
2022-05-29;BHOI;404028.9497645122;3518772.6051516277;5286714.772774806
2022-05-29;JCGV;410275.02148482786;3571766.828294174;5250783.354949795
2022-06-05;NSK1;436462.982710841;3547037.883976201;5265322.612330959
2022-06-05;FBFY;462267.20845488855;3541886.292223678;5266565.638215612
2022-06-05;QEZC;441890.2853440841;3527696.7941292445;5277741.829380023
2022-06-05;CJDN;450387.2501856113;3564019.8710120874;5252734.591222876
2022-06-05;EVJO;431273.35455156455;3570756.3220825396;5249805.999174074
2022-06-05;YTGI;444677.7226149938;3587690.07253481;5237178.04019483
2022-06-05;BIQO;416014.0682248294;3549999.142036531;5264977.206800353
2022-06-05;UWMD;422325.7657667587;3585968.844019579;5240191.451291663
2022-06-05;UFYR;470416.45530175965;3578380.282704489;5241327.409098239
2022-06-05;ZEML;415837.2733446454;3531958.93703007;5277060.4718420645
2022-06-05;NJYC;463026.7072660064;3525219.081233501;5277626.714890204
2022-06-05;RHLG;423820.6606665421;3515300.635432549;5287465.755962883
2022-06-05;JKTO;449842.9848324345;3505586.678770276;5291722.096095589
2022-06-05;BHOI;404028.9463352978;3518772.602876933;5286714.770895769
2022-06-05;JCGV;410275.01580978296;3571766.8237736486;5250783.350824928
2022-06-12;NSK1;436462.9786921438;3547037.8811101937;5265322.609821976
2022-06-12;FBFY;462267.20296232024;3541886.2878837995;5266565.634232758
2022-06-12;QEZC;441890.2796484341;3527696.789586284;5277741.825194088
2022-06-12;CJDN;450387.2463731202;3564019.868352286;5252734.588920099
2022-06-12;EVJO;431273.35301616084;3570756.3216998256;5249805.999148385
2022-06-12;YTGI;444677.7191861041;3587690.0702586095;5237178.038275654
2022-06-12;BIQO;416014.0624835349;3549999.137447926;5264977.202568772
2022-06-12;UWMD;422325.7601406574;3585968.8395461673;5240191.447175276
2022-06-12;UFYR;470416.44958287454;3578380.2781382934;5241327.404889068
2022-06-12;ZEML;415837.27220990113;3531958.9370480157;5277060.472217035
2022-06-12;NJYC;463026.7043175469;3525219.0794377313;5277626.713451459
2022-06-12;RHLG;423820.6606217608;3515300.6365404576;5287465.757427815
2022-06-12;JKTO;449842.9833041967;3505586.678394728;5291722.096077065
2022-06-12;BHOI;404028.94552417693;3518772.603218502;5286714.771594362
2022-06-12;JCGV;410275.01495648397;3571766.8240730395;5250783.351481343
2022-06-19;NSK1;436462.9839679635;3547037.8875148757;5265322.616546646
2022-06-19;FBFY;462267.20981498243;3541886.295865324;5266565.64253427
2022-06-19;QEZC;441890.288701466;3527696.7997681783;5277741.835695969
2022-06-19;CJDN;450387.25200108386;3564019.875109112;5252734.595996913
2022-06-19;EVJO;431273.35774171393;3570756.327554241;5249806.005322788
2022-06-19;YTGI;444677.726128614;3587690.078329982;5237178.046667014
2022-06-19;BIQO;416014.0678023559;3549999.1438956093;5264977.209336443
2022-06-19;UWMD;422325.7692662396;3585968.849800612;5240191.457749708
2022-06-19;UFYR;470416.454471534;3578380.2841558154;5241327.411226577
2022-06-19;ZEML;415837.27558439184;3531958.941551368;5277060.477040375
2022-06-19;NJYC;463026.70743709855;3525219.083686145;5277626.718019861
2022-06-19;RHLG;423820.66577063914;3515300.642818198;5287465.764025544
2022-06-19;JKTO;449842.9902511701;3505586.6864705635;5291722.104472888
2022-06-19;BHOI;404028.9534989893;3518772.6123221763;5286714.781018024
2022-06-19;JCGV;410275.0196826672;3571766.8299280847;5250783.3576563755
2022-06-26;NSK1;436462.9818601161;3547037.886489802;5265322.615806259
2022-06-26;FBFY;462267.2070139402;3541886.2941470556;5266565.641100689
2022-06-26;QEZC;441890.28683802363;3527696.79898751;5277741.8351999875
2022-06-26;CJDN;450387.2524026255;3564019.8765934277;5252734.597765915
2022-06-26;EVJO;431273.35763003875;3570756.3285253397;5249806.006578574
2022-06-26;YTGI;444677.72708305443;3587690.0803671964;5237178.048988916
2022-06-26;BIQO;416014.0686377194;3549999.145813747;5264977.211539268
2022-06-26;UWMD;422325.76611994446;3585968.8477370907;5240191.455970873
2022-06-26;UFYR;470416.45302048913;3578380.2837875444;5241327.411142993
2022-06-26;ZEML;415837.27295678604;3531958.9400065364;5277060.47578023
2022-06-26;NJYC;463026.70432283956;3525219.08165466;5277626.716273063
2022-06-26;RHLG;423820.658639096;3515300.636769429;5287465.758261462
2022-06-26;JKTO;449842.98462852865;3505586.681930696;5291722.100217707
2022-06-26;BHOI;404028.94579270144;3518772.605698663;5286714.774679198
2022-06-26;JCGV;410275.0195805863;3571766.8309087777;5250783.358921756
2022-07-03;NSK1;436462.9794725151;3547037.885117559;5265322.614684842
2022-07-03;FBFY;462267.20956936316;3541886.2977178367;5266565.644922295
2022-07-03;QEZC;441890.28729963925;3527696.800464484;5277741.8369277865
2022-07-03;CJDN;450387.2519463168;3564019.877152477;5252734.5985757895
2022-07-03;EVJO;431273.36015074496;3570756.332061404;5249806.010365463
2022-07-03;YTGI;444677.728331319;3587690.0826308187;5237178.051503364
2022-07-03;BIQO;416014.0717924123;3549999.1499837977;5264977.215960144
2022-07-03;UWMD;422325.76713169966;3585968.8497642037;5240191.458248812
2022-07-03;UFYR;470416.448593493;3578380.2803759063;5241327.407982181
2022-07-03;ZEML;415837.2686162789;3531958.9366813875;5277060.472705906
2022-07-03;NJYC;463026.7051425927;3525219.083489771;5277626.718358999
2022-07-03;RHLG;423820.6617855329;3515300.640931224;5287465.762674082
2022-07-03;JKTO;449842.9839649469;3505586.682282472;5291722.1008203095
2022-07-03;BHOI;404028.94817206345;3518772.6090933825;5286714.778324743
2022-07-03;JCGV;410275.01815271325;3571766.8304962628;5250783.358760066
2022-07-10;NSK1;436462.9850732012;3547037.89164697;5265322.621431964
2022-07-10;FBFY;462267.2117702411;3541886.300847439;5266565.64826961
2022-07-10;QEZC;441890.2897742515;3527696.8038678207;5277741.840548836
2022-07-10;CJDN;450387.2553511685;3564019.881486053;5252734.603127078
2022-07-10;EVJO;431273.3585376808;3570756.3313770643;5249806.009898836
2022-07-10;YTGI;444677.7269245779;3587690.0821528025;5237178.051243059
2022-07-10;BIQO;416014.0673606639;3549999.146480774;5264977.212674832
2022-07-10;UWMD;422325.76636377163;3585968.849925;5240191.458627321
2022-07-10;UFYR;470416.4569214894;3578380.2896326273;5241327.417456614
2022-07-10;ZEML;415837.2719587348;3531958.940952568;5277060.477194799
2022-07-10;NJYC;463026.70736166177;3525219.086637565;5277626.721724505
2022-07-10;RHLG;423820.66197408456;3515300.6420485;5287465.764009071
2022-07-10;JKTO;449842.98920398613;3505586.688450236;5291722.107205785
2022-07-10;BHOI;404028.95098335826;3518772.612833402;5286714.782282474
2022-07-10;JCGV;410275.0169112062;3571766.8301834804;5250783.358664996
2022-07-17;NSK1;436462.9864816173;3547037.8938814388;5265322.6238507945
2022-07-17;FBFY;462267.21233434515;3541886.302237596;5266565.649844128
2022-07-17;QEZC;441890.2878588386;3527696.8027784606;5277741.839643837
2022-07-17;CJDN;450387.25567502604;3564019.8826359636;5252734.60446135
2022-07-17;EVJO;431273.360251353;3570756.3339167894;5249806.012622922
2022-07-17;YTGI;444677.7275432188;3587690.083597496;5237178.052872114
2022-07-17;BIQO;416014.06782327127;3549999.1477694344;5264977.214147854
2022-07-17;UWMD;422325.7690592857;3585968.8534465674;5240191.462333249
2022-07-17;UFYR;470416.4513982941;3578380.284935485;5241327.412943833
2022-07-17;ZEML;415837.27265978744;3531958.9424796733;5277060.478906265
2022-07-17;NJYC;463026.70805420046;3525219.0881561562;5277626.723427458
2022-07-17;RHLG;423820.6643542788;3515300.645254747;5287465.767399679
2022-07-17;JKTO;449842.9884836826;3505586.688555985;5291722.107495896
2022-07-17;BHOI;404028.9542498887;3518772.6169259856;5286714.786559419
2022-07-17;JCGV;410275.02468484367;3571766.8387831706;5250783.367449047
2022-07-24;NSK1;436462.99269980454;3547037.900811067;5265322.630929997
2022-07-24;FBFY;462267.2119336016;3541886.3025482935;5266565.6503043985
2022-07-24;QEZC;441890.291412013;3527696.8070430756;5277741.844058027
2022-07-24;CJDN;450387.25679091713;3564019.884463296;5252734.606438256
2022-07-24;EVJO;431273.3580266802;3570756.3324035574;5249806.011259264
2022-07-24;YTGI;444677.7256367137;3587690.082402432;5237178.051826624
2022-07-24;BIQO;416014.06941112585;3549999.1500687297;5264977.2165967235
2022-07-24;UWMD;422325.7679081216;3585968.853006844;5240191.4620431
2022-07-24;UFYR;470416.453375542;3578380.287624174;5241327.415782095
2022-07-24;ZEML;415837.2713135041;3531958.9418448308;5277060.478420997
2022-07-24;NJYC;463026.7075690682;3525219.088382465;5277626.72380334
2022-07-24;RHLG;423820.66219800856;3515300.643809918;5287465.766104423
2022-07-24;JKTO;449842.9888843089;3505586.6896680524;5291722.108757537
2022-07-24;BHOI;404028.9513458731;3518772.6147334105;5286714.784516418
2022-07-24;JCGV;410275.0200072355;3571766.8348170035;5250783.363632454
2022-07-31;NSK1;436462.9867419173;3547037.8954428714;5265322.625673867
2022-07-31;FBFY;462267.2158572824;3541886.3070616657;5266565.654929836
2022-07-31;QEZC;441890.2930709416;3527696.8092916957;5277741.846418711
2022-07-31;CJDN;450387.2571125504;3564019.8853746206;5252734.607461645
2022-07-31;EVJO;431273.35927933565;3570756.334245905;5249806.013213676
2022-07-31;YTGI;444677.72697321576;3587690.0843286254;5237178.053864883
2022-07-31;BIQO;416014.0676880796;3549999.1489353753;5264977.215575433
2022-07-31;UWMD;422325.7626219285;3585968.8483103425;5240191.457458663
2022-07-31;UFYR;470416.4509801464;3578380.2858184697;5241327.414088456
2022-07-31;ZEML;415837.26923663984;3531958.940357658;5277060.47704589
2022-07-31;NJYC;463026.70549170475;3525219.086894793;5277626.722427733
2022-07-31;RHLG;423820.66107438557;3515300.6432759864;5287465.765682557
2022-07-31;JKTO;449842.9836224683;3505586.6849959036;5291722.104197453
2022-07-31;BHOI;404028.9472585873;3518772.6112358165;5286714.781130889
2022-07-31;JCGV;410275.0192768373;3571766.834676297;5250783.363603813
2022-08-07;NSK1;436462.9854562722;3547037.8946232903;5265322.624924859
2022-08-07;FBFY;462267.208330815;3541886.300001262;5266565.647940007
2022-08-07;QEZC;441890.28781141806;3527696.8044982366;5277741.8416958265
2022-08-07;CJDN;450387.2532416591;3564019.8819697932;5252734.604127392
2022-08-07;EVJO;431273.3563102526;3570756.3317428855;5249806.010781231
2022-08-07;YTGI;444677.72187528305;3587690.079696757;5237178.049303588
2022-08-07;BIQO;416014.06678031327;3549999.1484936727;5264977.215204306
2022-08-07;UWMD;422325.7626923378;3585968.848846816;5240191.458065711
2022-08-07;UFYR;470416.44801317167;3578380.283317559;5241327.411658119
2022-08-07;ZEML;415837.2713962963;3531958.9429833787;5277060.479742184
2022-08-07;NJYC;463026.7040879321;3525219.0859570843;5277626.721560599
2022-08-07;RHLG;423820.6613400025;3515300.644007667;5287465.766484812
2022-08-07;JKTO;449842.9854166329;3505586.6872561323;5291722.106528256
2022-08-07;BHOI;404028.9499943476;3518772.6144376406;5286714.784403288
2022-08-07;JCGV;410275.01527295925;3571766.831138483;5250783.360136572
2022-08-14;NSK1;436462.986448303;3547037.8959613093;5265322.626286883
2022-08-14;FBFY;462267.2076372555;3541886.2996536912;5266565.6476164395
2022-08-14;QEZC;441890.28748993546;3527696.804522742;5277741.841744336
2022-08-14;CJDN;450387.25362911605;3564019.8827032386;5252734.6048848415
2022-08-14;EVJO;431273.36172515556;3570756.337503777;5249806.016566127
2022-08-14;YTGI;444677.7297397458;3587690.0879072077;5237178.057538044
2022-08-14;BIQO;416014.0687496863;3549999.1508090342;5264977.217543671
2022-08-14;UWMD;422325.7671172824;3585968.8536177487;5240191.462860648
2022-08-14;UFYR;470416.4518975729;3578380.2875479483;5241327.415912514
2022-08-14;ZEML;415837.2704511942;3531958.942384265;5277060.479167075
2022-08-14;NJYC;463026.7034739862;3525219.085689127;5277626.721316645
2022-08-14;RHLG;423820.6588288173;3515300.6418424705;5287465.764343619
2022-08-14;JKTO;449842.98582441645;3505586.688009904;5291722.1073060315
2022-08-14;BHOI;404028.94581755076;3518772.610606832;5286714.7805964835
2022-08-14;JCGV;410275.0184040987;3571766.8346156105;5250783.363637704
2022-08-21;NSK1;436462.9845478558;3547037.894295644;5265322.624592743
2022-08-21;FBFY;462267.21145204955;3541886.303703267;5266565.651637541
2022-08-21;QEZC;441890.2858288423;3527696.803096431;5277741.84028955
2022-08-21;CJDN;450387.2512365427;3564019.880545447;5252734.602698576
2022-08-21;EVJO;431273.35373903514;3570756.3297524382;5249806.008786314
2022-08-21;YTGI;444677.722847962;3587690.0812502056;5237178.050852567
2022-08-21;BIQO;416014.06459283706;3549999.1468869667;5264977.213593129
2022-08-21;UWMD;422325.7637274418;3585968.85046269;5240191.459677114
2022-08-21;UFYR;470416.44855420734;3578380.2844393644;5241327.412775455
2022-08-21;ZEML;415837.26886936626;3531958.941037219;5277060.477791554
2022-08-21;NJYC;463026.70176455216;3525219.0842144745;5277626.719813519
2022-08-21;RHLG;423820.6575560889;3515300.6408045236;5287465.763277198
2022-08-21;JKTO;449842.9863987265;3505586.688818996;5291722.108086649
2022-08-21;BHOI;404028.94775784033;3518772.6127819037;5286714.7827430805
2022-08-21;JCGV;410275.0196255003;3571766.836071794;5250783.3650654135
2022-08-28;NSK1;436462.9833045992;3547037.8931897487;5265322.623399521
2022-08-28;FBFY;462267.2085701217;3541886.3009587005;5266565.648805648
2022-08-28;QEZC;441890.2885227556;3527696.8059277055;5277741.843033498
2022-08-28;CJDN;450387.25136168906;3564019.8808079544;5252734.6028737575
2022-08-28;EVJO;431273.357790322;3570756.333941086;5249806.012887635
2022-08-28;YTGI;444677.7250686078;3587690.083608213;5237178.053123248
2022-08-28;BIQO;416014.06711631233;3549999.149547803;5264977.216166639
2022-08-28;UWMD;422325.76721686486;3585968.8540894743;5240191.463216572
2022-08-28;UFYR;470416.453245489;3578380.2892680075;5241327.417516772
2022-08-28;ZEML;415837.27088668005;3531958.943191894;5277060.479858903
2022-08-28;NJYC;463026.70933278213;3525219.0919200657;5277626.727431783
2022-08-28;RHLG;423820.6625791418;3515300.6459649378;5287465.768350286
2022-08-28;JKTO;449842.98496378877;3505586.6875214195;5291722.106701747
2022-08-28;BHOI;404028.94619254844;3518772.611353973;5286714.781227823
2022-08-28;JCGV;410275.0171809884;3571766.8337646434;5250783.362670937
2022-09-04;NSK1;436462.9875020394;3547037.897445167;5265322.627502382
2022-09-04;FBFY;462267.2098841074;3541886.3023306644;5266565.650025055
2022-09-04;QEZC;441890.2894109796;3527696.806873908;5277741.843827143
2022-09-04;CJDN;450387.2510120344;3564019.880516278;5252734.602429523
2022-09-04;EVJO;431273.35766835324;3570756.333877096;5249806.012671088
2022-09-04;YTGI;444677.7223458806;3587690.080943464;5237178.050305941
2022-09-04;BIQO;416014.06638411724;3549999.1488735867;5264977.215339865
2022-09-04;UWMD;422325.7672649279;3585968.8541955156;5240191.463170056
2022-09-04;UFYR;470416.4497481073;3578380.2858286044;5241327.4139248105
2022-09-04;ZEML;415837.26837444527;3531958.9407376377;5277060.4772520885
2022-09-04;NJYC;463026.70198497525;3525219.0846302374;5277626.719989398
2022-09-04;RHLG;423820.657229331;3515300.6406731056;5287465.762905896
2022-09-04;JKTO;449842.9820143215;3505586.6846299306;5291722.1036577
2022-09-04;BHOI;404028.94165704347;3518772.6068764464;5286714.776597739
2022-09-04;JCGV;410275.0111485904;3571766.8277902235;5250783.356543959
2022-09-11;NSK1;436462.97595467314;3547037.8858977994;5265322.61573133
2022-09-11;FBFY;462267.2010518323;3541886.293498388;5266565.640969093
2022-09-11;QEZC;441890.27982166875;3527696.797284595;5277741.834014146
2022-09-11;CJDN;450387.2479200924;3564019.8774243346;5252734.599113895
2022-09-11;EVJO;431273.35140544316;3570756.3276141845;5249806.00618449
2022-09-11;YTGI;444677.7210919696;3587690.0796895516;5237178.048828344
2022-09-11;BIQO;416014.06224564795;3549999.1447351156;5264977.210977709
2022-09-11;UWMD;422325.7591371662;3585968.8460677527;5240191.454818608
2022-09-11;UFYR;470416.4427881796;3578380.278868675;5241327.406741196
2022-09-11;ZEML;415837.2637767769;3531958.9361399678;5277060.472430734
2022-09-11;NJYC;463026.70024925505;3525219.0828945157;5277626.718029991
2022-09-11;RHLG;423820.65321498836;3515300.636658761;5287465.758667867
2022-09-11;JKTO;449842.97921484656;3505586.681830454;5291722.100634539
2022-09-11;BHOI;404028.94143520965;3518772.606654611;5286714.776152219
2022-09-11;JCGV;410275.010718252;3571766.827359884;5250783.355889934
2022-09-18;NSK1;436462.9776404598;3547037.887549301;5265322.617083129
2022-09-18;FBFY;462267.20417375694;3541886.296586028;5266565.64375703
2022-09-18;QEZC;441890.28246120404;3527696.799889846;5277741.836319694
2022-09-18;CJDN;450387.24682789843;3564019.876297856;5252734.597687714
2022-09-18;EVJO;431273.3514246044;3570756.3275990607;5249806.005869665
2022-09-18;YTGI;444677.7202123555;3587690.0787756527;5237178.047614742
2022-09-18;BIQO;416014.06054395996;3549999.142999143;5264977.208942033
2022-09-18;UWMD;422325.7631337873;3585968.850030089;5240191.458481242
2022-09-18;UFYR;470416.4442985043;3578380.280344715;5241327.407917534
2022-09-18;ZEML;415837.2621196585;3531958.9344485644;5277060.470439628
2022-09-18;NJYC;463026.6987133196;3525219.0813242956;5277626.716160068
2022-09-18;RHLG;423820.6572201235;3515300.640629612;5287465.762339015
2022-09-18;JKTO;449842.9807785942;3505586.683359917;5291722.101864299
2022-09-18;BHOI;404028.9441345051;3518772.6093196217;5286714.778517527
2022-09-18;JCGV;410275.01450194;3571766.8311092868;5250783.359339635
2022-09-25;NSK1;436462.9797738986;3547037.8896389804;5265322.618793712
2022-09-25;FBFY;462267.20582310884;3541886.29819162;5266565.644983527
2022-09-25;QEZC;441890.28605581075;3527696.803440693;5277741.839491446
2022-09-25;CJDN;450387.24831118115;3564019.877737379;5252734.598748141
2022-09-25;EVJO;431273.3551223361;3570756.3312530327;5249806.009144541
2022-09-25;YTGI;444677.7204923687;3587690.079011906;5237178.0474719005
2022-09-25;BIQO;416014.06462798634;3549999.1470394097;5264977.212603205
2022-09-25;UWMD;422325.76245001616;3585968.8493025578;5240191.457374616
2022-09-25;UFYR;470416.44445568905;3578380.28045814;5241327.407651863
2022-09-25;ZEML;415837.26846295;3531958.9407480964;5277060.476360064
2022-09-25;NJYC;463026.7040357052;3525219.086602921;5277626.721059598
2022-09-25;RHLG;423820.65895736765;3515300.6423230963;5287465.763653403
2022-09-25;JKTO;449842.9790939657;3505586.681631529;5291722.099756815
2022-09-25;BHOI;404028.93974049506;3518772.604881852;5286714.773700661
2022-09-25;JCGV;410275.0135633288;3571766.830126916;5250783.357978169
2022-10-02;NSK1;436462.9829431314;3547037.8927796613;5265322.621474499
2022-10-02;FBFY;462267.2073468444;3541886.299686804;5266565.646018816
2022-10-02;QEZC;441890.28202172596;3527696.799378056;5277741.834968914
2022-10-02;CJDN;450387.24768182694;3564019.877079473;5252734.597630341
2022-10-02;EVJO;431273.34884468373;3570756.3249468287;5249806.002378442
2022-10-02;YTGI;444677.71560616884;3587690.0740971547;5237178.042097254
2022-10-02;BIQO;416014.0573724375;3549999.139755309;5264977.204859209
2022-10-02;UWMD;422325.75586954603;3585968.842693536;5240191.450305698
2022-10-02;UFYR;470416.44041521585;3578380.276389115;5241327.403122944
2022-10-02;ZEML;415837.264268921;3531958.9365255153;5277060.471677589
2022-10-02;NJYC;463026.6989859378;3525219.081524602;5277626.715521385
2022-10-02;RHLG;423820.65110995783;3515300.6344471346;5287465.755317547
2022-10-02;JKTO;449842.9780332671;3505586.680542278;5291722.09820767
2022-10-02;BHOI;404028.940958036;3518772.606070841;5286714.774429756
2022-10-02;JCGV;410275.0071519223;3571766.823686958;5250783.351078316
2022-10-09;NSK1;436462.9753460717;3547037.8851925954;5265322.613347688
2022-10-09;FBFY;462267.20145847823;3541886.2938084314;5266565.639600699
2022-10-09;QEZC;441890.2820892982;3527696.799455622;5277741.834506735
2022-10-09;CJDN;450387.2439355737;3564019.8733432135;5252734.593354336
2022-10-09;EVJO;431273.34724060184;3570756.3233527406;5249806.000244609
2022-10-09;YTGI;444677.7169640332;3587690.075465013;5237178.042925367
2022-10-09;BIQO;416014.0576618289;3549999.1400546944;5264977.20461885
2022-10-09;UWMD;422325.75643789105;3585968.843271875;5240191.450344292
2022-10-09;UFYR;470416.43897038983;3578380.274954283;5241327.401148367
2022-10-09;ZEML;415837.2599711145;3531958.932237703;5277060.466850031
2022-10-09;NJYC;463026.69435935875;3525219.076908017;5277626.710365054
2022-10-09;RHLG;423820.65104284976;3515300.6343900203;5287465.754720688
2022-10-09;JKTO;449842.974670597;3505586.677189602;5291722.094315249
2022-10-09;BHOI;404028.94005097396;3518772.605173773;5286714.7729929425
2022-10-09;JCGV;410275.0104118723;3571766.8269569017;5250783.353808515
2022-10-16;NSK1;436462.97886925656;3547037.888785177;5265322.6163242655
2022-10-16;FBFY;462267.2017715249;3541886.294190875;5266565.639367138
2022-10-16;QEZC;441890.2820088762;3527696.7994445967;5277741.8338797055
2022-10-16;CJDN;450387.24665373215;3564019.8761307686;5252734.595525887
2022-10-16;EVJO;431273.3472307949;3570756.3234123304;5249805.999688195
2022-10-16;YTGI;444677.7163054661;3587690.0748758423;5237178.041720193
2022-10-16;BIQO;416014.0581892693;3549999.140651531;5264977.204599683
2022-10-16;UWMD;422325.7551853475;3585968.8420887277;5240191.448545142
2022-10-16;UFYR;470416.4395622229;3578380.2756155124;5241327.401193593
2022-10-16;ZEML;415837.26754482364;3531958.9398808083;5277060.473877133
2022-10-16;NJYC;463026.69916459534;3525219.08178265;5277626.714623683
2022-10-16;RHLG;423820.6513463113;3515300.6347628785;5287465.754477542
2022-10-16;JKTO;449842.9746879842;3505586.677276386;5291722.093786028
2022-10-16;BHOI;404028.9415847944;3518772.60677699;5286714.773980156
2022-10-16;JCGV;410275.0106641484;3571766.8272785745;5250783.353514183
2022-10-23;NSK1;436462.9720509506;3547037.8821130614;5265322.60896627
2022-10-23;FBFY;462267.1959613045;3541886.2885268447;5266565.633017229
2022-10-23;QEZC;441890.2742088798;3527696.791790791;5277741.82554002
2022-10-23;CJDN;450387.2398324684;3564019.869455695;5252734.588164934
2022-10-23;EVJO;431273.34599586535;3570756.322323591;5249805.997913577
2022-10-23;YTGI;444677.7168516936;3587690.07556826;5237178.041726732
2022-10-23;BIQO;416014.0581785261;3549999.1407869784;5264977.204049251
2022-10-23;UWMD;422325.7523553099;3585968.8394048805;5240191.445175416
2022-10-23;UFYR;470416.4413275822;3578380.277527062;5241327.402419263
2022-10-23;ZEML;415837.25938508636;3531958.9318672614;5277060.465177707
2022-10-23;NJYC;463026.6962159932;3525219.078980238;5277626.711135393
2022-10-23;RHLG;423820.6502895297;3515300.633852287;5287465.7528810715
2022-10-23;JKTO;449842.97069710447;3505586.6734316964;5291722.08925546
2022-10-23;BHOI;404028.93374975823;3518772.599088144;5286714.765605431
2022-10-23;JCGV;410275.0052136715;3571766.8219742877;5250783.347524017
2022-10-30;NSK1;436462.9761034723;3547037.886401706;5265322.6125083575
2022-10-30;FBFY;462267.1984117767;3541886.29121344;5266565.634957267
2022-10-30;QEZC;441890.2753072326;3527696.7931252667;5277741.826127939
2022-10-30;CJDN;450387.2425703971;3564019.8724297467;5252734.590392428
2022-10-30;EVJO;431273.34545648505;3570756.3220203337;5249805.996863762
2022-10-30;YTGI;444677.7131198978;3587690.072072587;5237178.0374845015
2022-10-30;BIQO;416014.056506415;3549999.1393509903;5264977.201866705
2022-10-30;UWMD;422325.75404051604;3585968.8413262097;5240191.446350187
2022-10-30;UFYR;470416.43869008846;3578380.275125691;5241327.3992713345
2022-10-30;ZEML;415837.25994459284;3531958.9326628908;5277060.465226779
2022-10-30;NJYC;463026.69796598365;3525219.0809663516;5277626.712374949
2022-10-30;RHLG;423820.6471511287;3515300.630950009;5287465.749232236
2022-10-30;JKTO;449842.97107342863;3505586.6740441434;5291722.08912135
2022-10-30;BHOI;404028.9368478693;3518772.602422378;5286714.768193107
2022-10-30;JCGV;410275.0057212665;3571766.8227180056;5250783.347521178
2022-11-06;NSK1;436462.9711668664;3547037.8817995014;5265322.607110802
2022-11-06;FBFY;462267.1957463839;3541886.2888824483;5266565.631830925
2022-11-06;QEZC;441890.2777898027;3527696.7959422376;5277741.82814956
2022-11-06;CJDN;450387.2385266876;3564019.8687204383;5252734.58588777
2022-11-06;EVJO;431273.3453454195;3570756.322243669;5249805.996291747
2022-11-06;YTGI;444677.7086807937;3587690.0679678842;5237178.032584447
2022-11-06;BIQO;416014.0544998485;3549999.137678825;5264977.199399189
2022-11-06;UWMD;422325.75023611577;3585968.837856211;5240191.442084838
2022-11-06;UFYR;470416.434064283;3578380.270834287;5241327.39418458
2022-11-06;ZEML;415837.2592204085;3531958.9322731076;5277060.464041646
2022-11-06;NJYC;463026.69367590157;3525219.0770106707;5277626.707623918
2022-11-06;RHLG;423820.6499229111;3515300.634056193;5287465.751543069
2022-11-06;JKTO;449842.9713383997;3505586.6746435156;5291722.088925372
2022-11-06;BHOI;404028.938878689;3518772.604787599;5286714.769762978
2022-11-06;JCGV;410275.00905437407;3571766.8263855143;5250783.350393336
2022-11-13;NSK1;436462.9742196385;3547037.8852882357;5265322.609769697
2022-11-13;FBFY;462267.1959148841;3541886.2894869107;5266565.631605548
2022-11-13;QEZC;441890.27415184217;3527696.7927402393;5277741.824117722
2022-11-13;CJDN;450387.23813441943;3564019.8687641327;5252734.585101625
2022-11-13;EVJO;431273.3434850142;3570756.320819226;5249805.994037465
2022-11-13;YTGI;444677.7116625005;3587690.071385553;5237178.035172278
2022-11-13;BIQO;416014.05491411756;3549999.1385290558;5264977.199419581
2022-11-13;UWMD;422325.74996890186;3585968.838024959;5240191.441423747
2022-11-13;UFYR;470416.4372321814;3578380.2744381474;5241327.396958602
2022-11-13;ZEML;415837.26055553847;3531958.9340442;5277060.464982898
2022-11-13;NJYC;463026.69350554794;3525219.077276279;5277626.707059687
2022-11-13;RHLG;423820.64617883903;3515300.630748083;5287465.74740512
2022-11-13;JKTO;449842.97176190594;3505586.6755029843;5291722.088955001
2022-11-13;BHOI;404028.93622788746;3518772.6025727596;5286714.766718299
2022-11-13;JCGV;410275.0058604887;3571766.823627591;5250783.346805574
2022-11-20;NSK1;436462.97239853564;3547037.8840028914;5265322.607636342
2022-11-20;FBFY;462267.195226665;3541886.28933445;5266565.630605076
2022-11-20;QEZC;441890.2734899171;3527696.792614073;5277741.823143545
2022-11-20;CJDN;450387.23913523956;3564019.8703007116;5252734.585790192
2022-11-20;EVJO;431273.341708837;3570756.319578808;5249805.991949035
2022-11-20;YTGI;444677.7107655695;3587690.071024381;5237178.0339630935
2022-11-20;BIQO;416014.0551292474;3549999.139279945;5264977.199322458
2022-11-20;UWMD;422325.75099146244;3585968.839583278;5240191.442134054
2022-11-20;UFYR;470416.43492964376;3578380.2726713684;5241327.394343811
2022-11-20;ZEML;415837.2550816632;3531958.9291060832;5277060.459196771
2022-11-20;NJYC;463026.69055460556;3525219.0748610958;5277626.703796491
2022-11-20;RHLG;423820.6465276941;3515300.6316326964;5287465.747441723
2022-11-20;JKTO;449842.9768553154;3505586.681132152;5291722.093736158
2022-11-20;BHOI;404028.93796526454;3518772.6048458954;5286714.768143424
2022-11-20;JCGV;410275.0086848179;3571766.826987679;5250783.34931765
2022-11-27;NSK1;436462.974008375;3547037.886241774;5265322.609026843
2022-11-27;FBFY;462267.20160173124;3541886.2963385596;5266565.636760804
2022-11-27;QEZC;441890.27623571036;3527696.79598891;5277741.825669999
2022-11-27;CJDN;450387.24019009696;3564019.871984612;5252734.586625711
2022-11-27;EVJO;431273.34402157523;3570756.322520589;5249805.994042435
2022-11-27;YTGI;444677.71284294786;3587690.0737308026;5237178.035821134
2022-11-27;BIQO;416014.0560790383;3549999.1408587787;5264977.200052911
2022-11-27;UWMD;422325.7544558234;3585968.8436766826;5240191.445379077
2022-11-27;UFYR;470416.4392917191;3578380.2776624872;5241327.398486548
2022-11-27;ZEML;415837.25868365297;3531958.933337116;5277060.462579422
2022-11-27;NJYC;463026.68979111547;3525219.0747266486;5277626.7028136635
2022-11-27;RHLG;423820.64725194743;3515300.6329859933;5287465.747946638
2022-11-27;JKTO;449842.97187833954;3505586.6767842197;5291722.088539843
2022-11-27;BHOI;404028.93347492034;3518772.6009845943;5286714.763433741
2022-11-27;JCGV;410275.0059737442;3571766.824905649;5250783.346387238
2022-12-04;NSK1;436462.975813324;3547037.888758344;5265322.610713343
2022-12-04;FBFY;462267.2017566176;3541886.2972050672;5266565.636797242
2022-12-04;QEZC;441890.2765720293;3527696.79703685;5277741.825887869
2022-12-04;CJDN;450387.2425683282;3564019.8750744644;5252734.588885494
2022-12-04;EVJO;431273.3481152487;3570756.327325884;5249805.998017659
2022-12-04;YTGI;444677.71709591383;3587690.07869539;5237178.039955651
2022-12-04;BIQO;416014.057746019;3549999.143237381;5264977.201601443
2022-12-04;UWMD;422325.7581154489;3585968.8480479294;5240191.448920254
2022-12-04;UFYR;470416.44516837795;3578380.2842507674;5241327.404244758
2022-12-04;ZEML;415837.2607157676;3531958.9360808525;5277060.4644930875
2022-12-04;NJYC;463026.69270768156;3525219.078354836;5277626.70561178
2022-12-04;RHLG;423820.6504741135;3515300.6369197806;5287465.751050355
2022-12-04;JKTO;449842.9738291828;3505586.679446684;5291722.090372238
2022-12-04;BHOI;404028.93952031864;3518772.607741614;5286714.769360691
2022-12-04;JCGV;410275.0065054938;3571766.8261490194;5250783.34680054
2022-12-11;NSK1;436462.97573283175;3547037.8894579345;5265322.610620055
2022-12-11;FBFY;462267.1997347648;3541886.295963297;5266565.634762594
2022-12-11;QEZC;441890.27648760745;3527696.7977325106;5277741.825790652
2022-12-11;CJDN;450387.2441276395;3564019.8774138587;5252734.590432009
2022-12-11;EVJO;431273.3472174214;3570756.3272081395;5249805.997107036
2022-12-11;YTGI;444677.7137694246;3587690.076148983;5237178.036616366
2022-12-11;BIQO;416014.05881246977;3549999.145083914;5264977.202655098
2022-12-11;UWMD;422325.760493599;3585968.851206162;5240191.451285608
2022-12-11;UFYR;470416.44286843255;3578380.282730905;5241327.401932017
2022-12-11;ZEML;415837.2646195692;3531958.940764737;5277060.468384094
2022-12-11;NJYC;463026.69664135267;3525219.08306859;5277626.709532656
2022-12-11;RHLG;423820.6544888036;3515300.6417145533;5287465.755052249
2022-12-11;JKTO;449842.97569515085;3505586.682092735;5291722.09222541
2022-12-11;BHOI;404028.93704316433;3518772.6060445425;5286714.766870741
2022-12-11;JCGV;410275.0067161237;3571766.8271397324;5250783.346998373
2022-12-18;NSK1;436462.974511021;3547037.889068104;5265322.609492902
2022-12-18;FBFY;462267.1994264401;3541886.2964869523;5266565.634548926
2022-12-18;QEZC;441890.27696441114;3527696.799041294;5277741.826362113
2022-12-18;CJDN;450387.23715063516;3564019.871268834;5252734.5835496625
2022-12-18;EVJO;431273.3451242979;3570756.3259469955;5249805.99510857
2022-12-18;YTGI;444677.708563136;3587690.0717746746;5237178.031504734
2022-12-18;BIQO;416014.052071492;3549999.1391749163;5264977.196008777
2022-12-18;UWMD;422325.75275500945;3585968.844299552;5240191.443641676
2022-12-18;UFYR;470416.43574417854;3578380.2764386307;5241327.39490242
2022-12-18;ZEML;415837.257852813;3531958.93482996;5277060.461711994
2022-12-18;NJYC;463026.6923903563;3525219.0796495737;5277626.705376317
2022-12-18;RHLG;423820.64912595437;3515300.637183684;5287465.749784057
2022-12-18;JKTO;449842.97180279257;3505586.6790323565;5291722.088427709
2022-12-18;BHOI;404028.9367646719;3518772.60659803;5286714.766686905
2022-12-18;JCGV;410275.0055695626;3571766.8268251508;5250783.345946469
2022-12-25;NSK1;436462.9751864836;3547037.8906095116;5265322.610369696
2022-12-25;FBFY;462267.1971738356;3541886.295100293;5266565.632497653
2022-12-25;QEZC;441890.27331479185;3527696.79625762;5277741.8229138255
2022-12-25;CJDN;450387.2389918774;3564019.873976022;5252734.585592236
2022-12-25;EVJO;431273.34434583224;3570756.3260344756;5249805.994531436
2022-12-25;YTGI;444677.71278895024;3587690.0768664344;5237178.035931881
2022-12-25;BIQO;416014.0525471717;3549999.1405165414;5264977.196685789
2022-12-25;UWMD;422325.747464129;3585968.8398746173;5240191.438552127
2022-12-25;UFYR;470416.4337360946;3578380.275296492;5241327.393095668
2022-12-25;ZEML;415837.25722074835;3531958.935063841;5277060.461281261
2022-12-25;NJYC;463026.6906568884;3525219.078782051;5277626.70384418
2022-12-25;RHLG;423820.6484991496;3515300.6374228247;5287465.749358584
2022-12-25;JKTO;449842.97279748286;3505586.6808929923;5291722.089623732
2022-12-25;BHOI;404028.93381205434;3518772.604511358;5286714.76393562
2022-12-25;JCGV;410275.00656786794;3571766.828689402;5250783.347146107
